{
  "timestamp": "2025-06-19T13:31:43.649454",
  "benchmarks": {
    "vertex_operations": {
      "vertex_creation": {
        "iterations": 1000,
        "avg_time": 6.546835124026984e-06,
        "min_time": 5.380003130994737e-06,
        "max_time": 3.092800034210086e-05,
        "median_time": 6.412003131117672e-06,
        "p95_time": 7.483999070245773e-06,
        "std_dev": 1.4807031887465174e-06,
        "ops_per_second": 152745.5604204824
      },
      "vertex_validation": {
        "iterations": 100,
        "avg_time": 0.0001938303997303592,
        "min_time": 0.0001903750016936101,
        "max_time": 0.00021482099691638723,
        "median_time": 0.00019166749916621484,
        "p95_time": 0.00020398435081006027,
        "std_dev": 4.6250979302386065e-06,
        "ops_per_second": 5159.1494491633775
      },
      "batch_create_10": {
        "iterations": 10,
        "avg_time": 6.86380997649394e-05,
        "min_time": 6.0993996157776564e-05,
        "max_time": 9.979600145015866e-05,
        "median_time": 6.526149809360504e-05,
        "p95_time": 9.979600145015866e-05,
        "std_dev": 1.1149776274060436e-05,
        "ops_per_second": 14569.167902733867
      },
      "batch_create_100": {
        "iterations": 10,
        "avg_time": 0.0006745048005541321,
        "min_time": 0.0006337330050882883,
        "max_time": 0.0007913270019344054,
        "median_time": 0.0006632024997088592,
        "p95_time": 0.0007913270019344054,
        "std_dev": 4.474567699002398e-05,
        "ops_per_second": 1482.569136911199
      },
      "batch_create_1000": {
        "iterations": 10,
        "avg_time": 0.006679309300670866,
        "min_time": 0.006560314999660477,
        "max_time": 0.006990378002228681,
        "median_time": 0.006612828499783063,
        "p95_time": 0.006990378002228681,
        "std_dev": 0.00014683427618934557,
        "ops_per_second": 149.71607916099356
      }
    },
    "edge_operations": {
      "edge_addition": {
        "iterations": 1000,
        "avg_time": 4.629430084605701e-06,
        "min_time": 3.60699777957052e-06,
        "max_time": 5.0274000386707485e-05,
        "median_time": 4.177501978119835e-06,
        "p95_time": 5.449547825264745e-06,
        "std_dev": 3.276733110784901e-06,
        "ops_per_second": 216009.3103739296
      },
      "ancestor_traversal": {
        "iterations": 500,
        "avg_time": 1.6121533961268142e-05,
        "min_time": 3.3659962355159223e-06,
        "max_time": 4.67569989268668e-05,
        "median_time": 1.5303001418942586e-05,
        "p95_time": 3.422845329623669e-05,
        "std_dev": 9.128935686480772e-06,
        "ops_per_second": 62028.83685897956
      },
      "descendant_traversal": {
        "iterations": 500,
        "avg_time": 0.00022805901600804644,
        "min_time": 9.6200528787449e-07,
        "max_time": 0.00032931400346569717,
        "median_time": 0.00027746249907067977,
        "p95_time": 0.000300539996533189,
        "std_dev": 0.00011030903812197861,
        "ops_per_second": 4384.829933514743
      }
    },
    "tip_selection": {
      "random_select_10_tips": {
        "iterations": 1000,
        "avg_time": 1.7628550922381692e-06,
        "min_time": 1.6129997675307095e-06,
        "max_time": 1.3195000065024942e-05,
        "median_time": 1.7130005289800465e-06,
        "p95_time": 1.8739956431090832e-06,
        "std_dev": 5.123318086649803e-07,
        "ops_per_second": 567261.5998915558
      },
      "weighted_select_10_tips": {
        "iterations": 1000,
        "avg_time": 1.5076869312906637e-06,
        "min_time": 1.4230026863515377e-06,
        "max_time": 1.2033000530209392e-05,
        "median_time": 1.4830002328380942e-06,
        "p95_time": 1.5229961718432605e-06,
        "std_dev": 4.324640480071572e-07,
        "ops_per_second": 663267.671322152
      },
      "oldest_select_10_tips": {
        "iterations": 1000,
        "avg_time": 1.893229637062177e-07,
        "min_time": 1.7000274965539575e-07,
        "max_time": 1.2930031516589224e-06,
        "median_time": 1.899970811791718e-07,
        "p95_time": 2.0100560504943132e-07,
        "std_dev": 4.112490301248973e-08,
        "ops_per_second": 5281979.430407355
      },
      "random_select_100_tips": {
        "iterations": 1000,
        "avg_time": 1.763175896485336e-06,
        "min_time": 1.6429985407739878e-06,
        "max_time": 1.306399644818157e-05,
        "median_time": 1.7229976947419345e-06,
        "p95_time": 1.8430000636726618e-06,
        "std_dev": 4.7097315681613144e-07,
        "ops_per_second": 567158.3884474437
      },
      "weighted_select_100_tips": {
        "iterations": 1000,
        "avg_time": 1.0580351940006948e-05,
        "min_time": 1.0338997526559979e-05,
        "max_time": 2.5396999262738973e-05,
        "median_time": 1.043900556396693e-05,
        "p95_time": 1.0750001820269972e-05,
        "std_dev": 9.798687142057976e-07,
        "ops_per_second": 94514.81440978828
      },
      "oldest_select_100_tips": {
        "iterations": 1000,
        "avg_time": 2.0122302521485836e-07,
        "min_time": 1.6999547369778156e-07,
        "max_time": 1.0430005204398185e-05,
        "median_time": 1.9000435713678598e-07,
        "p95_time": 2.0999868866056204e-07,
        "std_dev": 3.2441139141728506e-07,
        "ops_per_second": 4969610.20704384
      },
      "random_select_1000_tips": {
        "iterations": 1000,
        "avg_time": 1.856019916885998e-06,
        "min_time": 1.7230049706995487e-06,
        "max_time": 1.192199852084741e-05,
        "median_time": 1.8030041246674955e-06,
        "p95_time": 1.9239960238337517e-06,
        "std_dev": 5.347738727835293e-07,
        "ops_per_second": 538787.3216779833
      },
      "weighted_select_1000_tips": {
        "iterations": 1000,
        "avg_time": 0.0001148397750366712,
        "min_time": 0.00011214899859623984,
        "max_time": 0.00016535900067538023,
        "median_time": 0.00011328649998176843,
        "p95_time": 0.00012290900449443142,
        "std_dev": 4.206186043166962e-06,
        "ops_per_second": 8707.784386382464
      },
      "oldest_select_1000_tips": {
        "iterations": 1000,
        "avg_time": 2.0033605687785893e-07,
        "min_time": 1.7099955584853888e-07,
        "max_time": 1.026899553835392e-05,
        "median_time": 1.899970811791718e-07,
        "p95_time": 2.0999868866056204e-07,
        "std_dev": 3.199658005236381e-07,
        "ops_per_second": 4991612.671151259
      }
    },
    "consensus_qr_avalanche": {
      "single_round_100_nodes": {
        "iterations": 1000,
        "avg_time": 2.8254349163034933e-06,
        "min_time": 2.634005795698613e-06,
        "max_time": 1.706100010778755e-05,
        "median_time": 2.715998562052846e-06,
        "p95_time": 3.315995854791254e-06,
        "std_dev": 7.44699646808964e-07,
        "ops_per_second": 353927.81275184936
      },
      "full_consensus_100_nodes": {
        "iterations": 100,
        "avg_time": 1.886008998553734e-05,
        "min_time": 7.673996151424944e-06,
        "max_time": 3.667900455184281e-05,
        "median_time": 1.9176004570908844e-05,
        "p95_time": 1.9925446758861652e-05,
        "std_dev": 2.9546733521990203e-06,
        "ops_per_second": 53022.01637250084
      },
      "single_round_500_nodes": {
        "iterations": 1000,
        "avg_time": 2.8128892226959577e-06,
        "min_time": 2.644002961460501e-06,
        "max_time": 1.4115998055785894e-05,
        "median_time": 2.725006197579205e-06,
        "p95_time": 3.3060056011890993e-06,
        "std_dev": 5.595754255356661e-07,
        "ops_per_second": 355506.3569270495
      },
      "full_consensus_500_nodes": {
        "iterations": 100,
        "avg_time": 1.9039739927393385e-05,
        "min_time": 6.642003427259624e-06,
        "max_time": 3.000599826918915e-05,
        "median_time": 1.92360021173954e-05,
        "p95_time": 2.030394571193028e-05,